depth_frac,r_target,expiry_days,avg_pnl_holdout,avg_pnl_train,avg_pnl_validation,n_holdout,n_train,n_validation
0.675,1.5,7.0,2.2936,1.8173,2.5068,175,436,218
0.675,2.5,7.0,2.7282,1.8152,2.5862,175,436,218
0.675,2.5,6.0,2.6641,1.8117,2.5871,175,436,218
0.675,1.5,6.0,2.2465,1.8116,2.5037,175,436,218
0.675,2.0,7.0,2.4082,1.8086,2.2801,175,436,218
0.675,2.5,5.0,2.5859,1.8071,2.5878,175,436,218
0.675,2.0,6.0,2.3526,1.8047,2.2809,175,436,218
0.675,1.5,5.0,2.1883,1.8041,2.4992,175,436,218
0.675,2.5,4.0,2.4875,1.8008,2.5879,175,436,218
0.675,2.0,5.0,2.2842,1.7996,2.2813,175,436,218
0.675,1.5,4.0,2.1132,1.7938,2.4924,175,436,218
0.675,2.0,4.0,2.1964,1.7926,2.2811,175,436,218
0.675,2.5,3.0,2.358,1.7919,2.5872,175,436,218
0.6,5.0,7.0,3.1382,1.7918,3.8835,177,446,221
0.6,5.0,6.0,3.0537,1.7893,3.8718,177,446,221
0.6,5.0,5.0,2.9584,1.7869,3.8574,177,446,221
0.65,1.5,7.0,2.2599,1.7852,2.3697,176,438,220
0.6,5.0,4.0,2.8476,1.7849,3.8387,177,446,221
0.6,5.0,3.0,2.7065,1.7836,3.813,177,446,221
0.675,2.0,3.0,2.077,1.7824,2.2798,175,436,218
0.65,1.5,6.0,2.2135,1.7803,2.3678,176,438,220
0.675,1.5,3.0,2.0097,1.7787,2.4817,175,436,218
0.675,2.5,2.0,2.1766,1.7779,2.5846,175,436,218
0.65,1.5,5.0,2.1561,1.7738,2.3648,176,438,220
0.6,5.0,2.0,2.4654,1.7689,3.7736,177,446,221
0.675,2.0,2.0,1.9,1.7662,2.2763,175,436,218
0.65,1.5,4.0,2.082,1.7649,2.3601,176,438,220
0.575,5.0,2.0,2.5945,1.7637,3.6371,178,450,222
0.675,2.5,1.0,1.8941,1.7556,2.5797,175,436,218
0.575,5.0,3.0,2.8441,1.7548,3.6468,178,450,222
0.625,1.5,7.0,2.0702,1.754,2.2816,176,442,220
0.675,1.5,2.0,1.8515,1.7539,2.4624,175,436,218
0.65,1.5,3.0,1.9798,1.7516,2.3523,176,438,220
0.625,1.5,6.0,2.0222,1.749,2.2802,176,442,220
0.675,4.5,1.0,1.8668,1.7487,3.3594,175,436,218
0.625,1.5,5.0,1.9629,1.7425,2.2781,176,442,220
0.675,2.0,1.0,1.6005,1.7384,2.2672,175,436,218
0.625,1.5,4.0,1.8865,1.7337,2.2745,176,442,220
0.65,1.5,2.0,1.8229,1.7298,2.3378,176,438,220
0.6,5.0,1.0,2.2349,1.7287,3.7041,177,446,221
0.575,5.0,4.0,2.9921,1.7287,3.656,178,450,222
0.675,4.0,1.0,2.2051,1.7264,3.0432,175,436,218
0.675,4.5,2.0,2.0443,1.7249,3.3674,175,436,218
0.625,1.5,3.0,1.7814,1.7208,2.2683,176,442,220
0.575,5.0,1.0,2.3773,1.72,3.6651,178,450,222
0.575,5.0,5.0,3.1086,1.7185,3.6636,178,450,222
0.65,3.5,7.0,2.9956,1.7157,2.7743,176,438,220
0.675,4.0,2.0,2.5273,1.7144,3.0323,175,436,218
0.65,2.5,7.0,2.6884,1.7138,2.5303,176,438,220
0.65,3.5,6.0,2.8503,1.7135,2.7738,176,438,220
0.575,5.0,6.0,3.2086,1.7131,3.67,178,450,222
0.675,4.0,7.0,3.229,1.7126,3.0317,175,436,218
0.675,4.0,6.0,3.1333,1.7115,3.0317,175,436,218
0.675,4.5,3.0,2.222,1.7115,3.3743,175,436,218
0.65,2.5,6.0,2.621,1.711,2.5314,176,438,220
0.65,3.5,5.0,2.7976,1.7108,2.773,176,438,220
0.675,4.0,5.0,3.0242,1.7105,3.0317,175,436,218
0.575,5.0,7.0,3.2971,1.71,3.6754,178,450,222
0.675,4.0,3.0,2.7376,1.7098,3.0315,175,436,218
0.675,4.0,4.0,2.8958,1.7096,3.0316,175,436,218
0.65,3.5,4.0,2.6741,1.7074,2.7718,176,438,220
0.65,2.5,5.0,2.5398,1.7072,2.5324,176,438,220
0.675,4.5,4.0,2.3622,1.706,3.3787,175,436,218
0.675,1.5,1.0,1.5617,1.7033,2.4173,175,436,218
0.675,4.5,5.0,2.4785,1.7031,3.3816,175,436,218
0.65,3.5,3.0,2.5226,1.7031,2.7702,176,438,220
0.65,2.5,4.0,2.4386,1.702,2.533,176,438,220
0.675,4.5,6.0,2.5786,1.7013,3.3836,175,436,218
0.675,4.5,7.0,2.6671,1.7001,3.385,175,436,218
0.65,2.0,7.0,2.4156,1.6999,2.2178,176,438,220
0.625,1.5,2.0,1.6216,1.6998,2.2565,176,442,220
0.65,3.5,2.0,2.3226,1.6986,2.7681,176,438,220
0.65,2.0,6.0,2.3618,1.6971,2.2189,176,438,220
0.65,2.5,3.0,2.3075,1.6944,2.5329,176,438,220
0.65,2.0,5.0,2.2955,1.6934,2.2198,176,438,220
0.625,2.0,7.0,2.4796,1.6889,2.2399,176,442,220
0.65,2.0,4.0,2.2105,1.6883,2.2201,176,438,220
0.65,3.5,1.0,2.0201,1.688,2.7703,176,438,220
0.625,2.0,6.0,2.4187,1.686,2.2404,176,442,220
0.65,1.5,1.0,1.5305,1.6857,2.3034,176,438,220
0.6,2.0,7.0,2.3092,1.683,2.3215,177,446,221
0.65,2.5,2.0,2.1281,1.6825,2.5317,176,438,220
0.625,2.0,5.0,2.3445,1.6822,2.2406,176,442,220
0.65,2.0,3.0,2.095,1.6808,2.2194,176,438,220
0.6,2.0,6.0,2.2463,1.6783,2.3208,177,446,221
0.625,2.0,4.0,2.2507,1.6771,2.2404,176,442,220
0.45,2.5,7.0,2.1355,1.6732,1.7955,185,460,228
0.6,2.0,5.0,2.1699,1.6723,2.3195,177,446,221
0.45,2.5,6.0,2.0444,1.6698,1.7966,185,460,228
0.625,2.0,3.0,2.1268,1.6697,2.2393,176,442,220
0.65,2.0,2.0,1.9237,1.669,2.2168,176,438,220
0.7,2.5,7.0,2.8309,1.6677,2.6983,175,431,217
0.45,2.5,5.0,2.2241,1.6659,1.7983,185,460,228
0.6,2.0,4.0,2.0744,1.6644,2.3173,177,446,221
0.7,2.5,6.0,2.7741,1.6641,2.6989,175,431,217
0.65,2.5,1.0,1.8554,1.6639,2.5297,176,438,220
0.45,2.5,4.0,2.1069,1.6612,1.8009,185,460,228
0.7,2.5,5.0,2.7042,1.6594,2.6991,175,431,217
0.625,2.0,2.0,1.9519,1.6586,2.2367,176,442,220
0.625,1.5,1.0,1.3336,1.6585,2.2282,176,442,220
0.45,2.5,3.0,1.9627,1.6556,1.8055,185,460,228
0.6,2.0,3.0,1.9498,1.6532,2.3134,177,446,221
0.7,2.5,4.0,2.6151,1.6531,2.6989,175,431,217
0.65,2.0,1.0,1.634,1.6509,2.2097,176,438,220
0.55,5.0,3.0,2.9575,1.6503,3.5727,178,453,222
0.45,2.5,2.0,1.7727,1.6502,1.8154,185,460,228
0.7,2.5,3.0,2.4946,1.6442,2.6979,175,431,217
0.55,5.0,2.0,2.6908,1.6426,3.5801,178,453,222
0.625,2.0,1.0,1.6797,1.6424,2.2318,176,442,220
0.45,2.5,1.0,1.5605,1.638,1.8506,185,460,228
0.6,4.5,7.0,3.256,1.6368,3.5879,177,446,221
0.7,2.0,7.0,2.734,1.6366,2.6285,175,431,217
0.6,2.0,2.0,1.7783,1.6359,2.3065,177,446,221
0.6,4.5,6.0,3.1678,1.6345,3.5791,177,446,221
0.55,5.0,4.0,3.1207,1.6335,3.5733,178,453,222
0.6,4.5,5.0,3.0681,1.6323,3.568,177,446,221
0.7,2.0,6.0,2.6786,1.6322,2.6278,175,431,217
0.7,2.5,2.0,2.3185,1.6304,2.6953,175,431,217
0.6,4.5,4.0,2.9523,1.6303,3.5534,177,446,221
0.6,4.5,3.0,2.8106,1.6288,3.5328,177,446,221
0.55,5.0,5.0,3.2468,1.6283,3.5758,178,453,222
0.7,2.0,5.0,2.6103,1.6266,2.6265,175,431,217
0.55,5.0,6.0,3.33,1.626,3.5786,178,453,222
0.55,5.0,7.0,3.4283,1.625,3.5815,178,453,222
0.675,5.0,1.0,2.1102,1.6245,3.5966,175,436,218
0.525,4.5,2.0,2.3877,1.6199,3.6809,180,455,224
0.7,2.0,4.0,2.5224,1.619,2.6241,175,431,217
0.575,3.5,1.0,1.817,1.6171,2.9891,178,450,222
0.575,3.5,2.0,2.0253,1.6147,2.9429,178,450,222
0.6,4.5,2.0,2.5685,1.6141,3.5002,177,446,221
0.525,4.5,3.0,2.6178,1.6111,3.688,180,455,224
0.55,5.0,1.0,2.4575,1.6093,3.7175,178,453,222
0.65,5.0,2.0,2.3783,1.6091,3.4757,176,438,220
0.5,4.5,1.0,2.517,1.609,3.4634,181,459,226
0.7,2.5,1.0,2.0278,1.6089,2.6916,175,431,217
0.7,2.0,3.0,2.4023,1.6081,2.6199,175,431,217
0.65,5.0,3.0,2.5768,1.6077,3.5025,176,438,220
0.6,2.0,1.0,1.5192,1.607,2.2933,177,446,221
0.6,3.5,1.0,2.0786,1.6059,2.8911,177,446,221
0.575,3.5,3.0,2.2153,1.6058,2.9345,178,450,222
0.7,1.5,7.0,3.15,1.6049,2.4957,175,431,217
0.575,3.5,4.0,2.362,1.603,2.9317,178,450,222
0.65,5.0,4.0,2.73,1.6026,3.5193,176,438,220
0.6,1.5,7.0,2.109,1.602,2.1271,177,446,221
0.575,3.5,5.0,2.4823,1.602,2.9305,178,450,222
0.575,3.5,7.0,2.6755,1.602,2.9299,178,450,222
0.575,3.5,6.0,2.5851,1.6018,2.9301,178,450,222
0.65,5.0,5.0,2.8555,1.6,3.5311,176,438,220
0.65,5.0,1.0,2.1629,1.5996,3.4247,176,438,220
0.7,1.5,6.0,3.0995,1.5988,2.4913,175,431,217
0.65,5.0,6.0,2.9098,1.5986,3.5399,176,438,220
0.65,5.0,7.0,3.0566,1.5978,3.5469,176,438,220
0.5,4.5,2.0,2.7491,1.5975,3.4245,181,459,226
0.6,1.5,6.0,2.0577,1.5963,2.1249,177,446,221
0.7,2.0,2.0,2.2221,1.591,2.6117,175,431,217
0.7,1.5,5.0,3.0373,1.5909,2.4852,175,431,217
0.6,1.5,5.0,1.9943,1.5889,2.1218,177,446,221
0.65,4.0,1.0,2.1397,1.5888,2.9194,176,438,220
0.675,5.0,2.0,2.3562,1.5882,3.6128,175,436,218
0.6,3.5,2.0,2.2685,1.5875,2.8923,177,446,221
0.525,4.5,4.0,2.7525,1.5871,3.6963,180,455,224
0.5,4.5,3.0,3.0119,1.5865,3.4299,181,459,226
0.6,4.0,1.0,1.9966,1.5851,3.091,177,446,221
0.6,4.5,1.0,2.2439,1.5835,3.4364,177,446,221
0.7,4.0,7.0,3.3941,1.5834,3.3376,175,431,217
0.4,5.0,1.0,2.6385,1.5814,3.3171,186,463,230
0.575,4.5,3.0,2.7626,1.5811,3.5606,178,450,222
0.7,1.5,4.0,2.957,1.58,2.4762,175,431,217
0.65,4.5,1.0,2.0695,1.5796,3.0197,176,438,220
0.7,4.0,6.0,3.307,1.5795,3.3354,175,431,217
0.6,1.5,4.0,1.9124,1.579,2.1171,177,446,221
0.525,4.5,5.0,2.8598,1.5786,3.7034,180,455,224
0.6,4.0,2.0,2.1814,1.5774,3.0855,177,446,221
0.575,4.5,2.0,2.4999,1.5768,3.5506,178,450,222
0.6,3.5,3.0,2.4472,1.5768,2.8978,177,446,221
0.575,4.5,4.0,2.914,1.5762,3.5692,178,450,222
0.625,3.5,1.0,2.0423,1.5754,2.7099,176,442,220
0.525,4.5,1.0,2.2123,1.5749,3.721,180,455,224
0.7,4.0,5.0,3.2032,1.5748,3.3324,175,431,217
0.525,4.5,6.0,2.8633,1.5746,3.7095,180,455,224
0.475,1.5,7.0,1.848,1.5742,1.825,184,460,227
0.575,4.5,5.0,3.0344,1.5737,3.5762,178,450,222
0.6,3.5,4.0,2.5867,1.5734,2.9021,177,446,221
0.575,4.5,6.0,3.1373,1.5727,3.582,178,450,222
0.525,4.5,7.0,2.9502,1.5727,3.7147,180,455,224
0.575,4.5,7.0,3.2278,1.5724,3.5869,178,450,222
0.6,3.5,5.0,2.702,1.5722,2.9054,177,446,221
0.6,3.5,7.0,2.8885,1.572,2.9101,177,446,221
0.6,3.5,6.0,2.801,1.5719,2.908,177,446,221
0.475,1.5,6.0,1.7883,1.5709,1.8248,184,460,227
0.7,4.0,4.0,3.0763,1.569,3.3283,175,431,217
0.6,3.0,7.0,2.7932,1.567,2.3477,177,446,221
0.6,4.0,3.0,2.3577,1.5669,3.0892,177,446,221
0.475,1.5,5.0,1.7149,1.5666,1.8241,184,460,227
0.625,3.5,2.0,2.3541,1.5666,2.6902,176,442,220
0.675,5.0,3.0,2.567,1.5654,3.6233,175,436,218
0.6,3.0,6.0,2.7053,1.5653,2.3475,177,446,221
0.45,4.0,4.0,2.5664,1.5649,2.9511,185,460,228
0.6,1.5,3.0,1.7999,1.5647,2.1095,177,446,221
0.7,1.5,3.0,2.8469,1.564,2.4622,175,431,217
0.5,4.5,4.0,3.1707,1.5639,3.4367,181,459,226
0.5,5.0,1.0,2.9169,1.5635,3.2734,181,459,226
0.6,3.0,5.0,2.6055,1.5632,2.3473,177,446,221
0.575,4.5,1.0,2.1707,1.5632,3.5628,178,450,222
0.6,4.0,4.0,2.4957,1.5631,3.0929,177,446,221
0.7,4.0,3.0,2.9149,1.5616,3.3222,175,431,217
0.6,4.0,5.0,2.6099,1.5616,3.096,177,446,221
0.6,4.0,7.0,2.7949,1.561,3.101,177,446,221
0.6,4.0,6.0,2.7081,1.561,3.0987,177,446,221
0.475,1.5,4.0,1.6212,1.5608,1.8227,184,460,227
0.7,2.0,1.0,1.9075,1.5607,2.5932,175,431,217
0.425,5.0,1.0,2.5248,1.5607,2.9697,186,463,229
0.6,3.0,4.0,2.4889,1.5605,2.3473,177,446,221
0.675,3.0,7.0,2.7533,1.5584,2.3295,175,436,218
0.625,3.5,3.0,2.5587,1.5584,2.6853,176,442,220
0.675,3.0,6.0,2.6862,1.5577,2.3298,175,436,218
0.6,3.0,3.0,2.3466,1.5573,2.3478,177,446,221
0.675,3.0,5.0,2.6054,1.5566,2.33,175,436,218
0.5,4.5,5.0,3.2933,1.5565,3.4428,181,459,226
0.625,3.5,4.0,2.7132,1.5558,2.683,176,442,220
0.675,3.0,4.0,2.5049,1.555,2.3299,175,436,218
0.625,3.5,5.0,2.8388,1.5548,2.6816,176,442,220
0.625,3.5,6.0,2.8258,1.5546,2.6805,176,442,220
0.625,3.5,7.0,3.0398,1.5546,2.6796,176,442,220
0.575,4.0,2.0,2.4463,1.5546,3.418,178,450,222
0.675,5.0,4.0,2.7277,1.554,3.6301,175,436,218
0.6,3.0,2.0,2.1601,1.5536,2.35,177,446,221
0.5,4.5,6.0,3.2429,1.5534,3.448,181,459,226
0.7,4.0,2.0,2.6957,1.5532,3.3126,175,431,217
0.7,4.0,1.0,2.3525,1.5528,3.2978,175,431,217
0.675,3.0,3.0,2.3752,1.5527,2.3297,175,436,218
0.475,1.5,3.0,1.495,1.5526,1.82,184,460,227
0.65,4.0,2.0,2.3371,1.5523,2.8958,176,438,220
0.5,4.5,7.0,3.3384,1.5522,3.4526,181,459,226
0.675,3.0,1.0,1.9309,1.5518,2.3342,175,436,218
0.45,4.0,3.0,2.406,1.5515,2.9495,185,460,228
0.625,4.0,1.0,1.7749,1.5507,3.0794,176,442,220
0.675,3.0,2.0,2.1985,1.5496,2.3294,175,436,218
0.575,4.0,3.0,2.6732,1.5486,3.4182,178,450,222
0.575,3.0,7.0,3.2042,1.5476,2.747,178,450,222
0.425,4.0,4.0,2.4904,1.5474,3.2186,186,463,229
0.675,5.0,5.0,2.8583,1.5471,3.635,175,436,218
0.575,4.0,1.0,2.1584,1.547,3.446,178,450,222
0.5,1.5,7.0,2.0384,1.5462,2.2206,181,459,226
0.575,2.0,7.0,2.5376,1.5456,2.4095,178,450,222
0.45,1.5,7.0,1.9162,1.5455,1.4752,185,460,228
0.575,3.0,6.0,3.1074,1.5438,2.7441,178,450,222
0.575,2.0,6.0,2.472,1.5435,2.4086,178,450,222
0.5,2.5,7.0,2.9146,1.5434,2.6475,181,459,226
0.6,3.0,1.0,1.8802,1.5433,2.3635,177,446,221
0.5,1.5,6.0,1.9815,1.5431,2.2198,181,459,226
0.675,5.0,6.0,2.9692,1.5425,3.6386,175,436,218
0.6,1.5,2.0,1.6295,1.5422,2.0961,177,446,221
0.55,4.0,3.0,2.8813,1.5419,3.5256,178,453,222
0.45,1.5,6.0,1.8613,1.5418,1.4755,185,460,228
0.575,2.0,5.0,2.3921,1.5407,2.4072,178,450,222
0.55,4.0,7.0,3.3445,1.5403,3.549,178,453,222
0.475,1.5,2.0,1.3124,1.5401,1.8146,184,460,227
0.575,4.0,4.0,2.8425,1.54,3.4206,178,450,222
0.55,4.0,4.0,3.0368,1.5396,3.534,178,453,222
0.55,4.0,6.0,3.2461,1.5394,3.5451,178,453,222
0.575,3.0,5.0,2.9964,1.5392,2.7407,178,450,222
0.675,5.0,7.0,3.0662,1.5391,3.6414,175,436,218
0.5,1.5,5.0,1.9117,1.5391,2.2184,181,459,226
0.55,4.0,5.0,3.1627,1.539,3.5403,178,453,222
0.475,4.0,4.0,2.7964,1.5385,3.2608,184,460,227
0.5,2.5,6.0,2.8185,1.5384,2.6435,181,459,226
0.7,1.5,2.0,2.6797,1.5376,2.4374,175,431,217
0.475,4.5,1.0,2.4966,1.5372,3.2397,184,460,227
0.45,1.5,5.0,1.7938,1.5371,1.4754,185,460,228
0.575,2.0,4.0,2.2914,1.5371,2.4049,178,450,222
0.65,4.5,2.0,2.2686,1.536,2.9888,176,438,220
0.575,4.0,5.0,2.9784,1.5349,3.423,178,450,222
0.5,1.5,4.0,1.8229,1.5336,2.216,181,459,226
0.575,3.0,4.0,2.8649,1.5335,2.7365,178,450,222
0.55,4.0,2.0,2.6166,1.5331,3.5145,178,453,222
0.575,2.0,3.0,2.1588,1.5323,2.4009,178,450,222
0.45,4.0,1.0,1.8489,1.5323,3.0173,185,460,228
0.5,2.5,5.0,2.8674,1.5321,2.6385,181,459,226
0.65,4.0,3.0,2.5238,1.5321,2.8904,176,438,220
0.575,4.0,6.0,3.093,1.5318,3.4252,178,450,222
0.45,1.5,4.0,1.7075,1.5308,1.4747,185,460,228
0.575,4.0,7.0,3.1927,1.5297,3.4272,178,450,222
0.525,1.5,7.0,1.9032,1.5297,2.2596,180,455,224
0.425,4.0,3.0,2.3315,1.5292,3.2157,186,463,229
0.625,4.0,2.0,1.9462,1.5281,3.0734,176,442,220
0.45,4.0,2.0,2.1361,1.528,2.9533,185,460,228
0.525,1.5,6.0,1.844,1.5265,2.258,180,455,224
0.575,3.0,3.0,2.7013,1.5262,2.7309,178,450,222
0.5,1.5,3.0,1.7042,1.5259,2.2117,181,459,226
0.575,2.0,2.0,1.9733,1.5256,2.3938,178,450,222
0.525,5.0,3.0,3.2333,1.5247,3.3857,180,455,224
0.5,2.5,4.0,2.7423,1.5242,2.632,181,459,226
0.475,4.0,3.0,2.6469,1.5225,3.2514,184,460,227
0.525,1.5,5.0,1.7717,1.5225,2.2557,180,455,224
0.65,4.0,4.0,2.6692,1.5223,2.888,176,438,220
0.45,1.5,3.0,1.5914,1.5219,1.4729,185,460,228
0.575,2.0,1.0,1.6859,1.521,2.3796,178,450,222
0.475,1.5,1.0,1.0156,1.5207,1.8027,184,460,227
0.425,4.0,1.0,1.8478,1.519,3.2664,186,463,229
0.45,4.0,5.0,2.6896,1.518,2.9537,185,460,228
0.425,5.0,3.0,2.7357,1.5171,2.7295,186,463,229
0.525,1.5,4.0,1.68,1.5171,2.252,180,455,224
0.525,5.0,7.0,3.7048,1.517,3.3861,180,455,224
0.5,3.5,7.0,2.8484,1.5168,3.1671,181,459,226
0.575,3.0,2.0,2.48,1.5163,2.7234,178,450,222
0.65,4.0,5.0,2.7891,1.5163,2.8866,176,438,220
0.5,3.5,3.0,2.5391,1.5162,3.1342,181,459,226
0.525,5.0,4.0,3.4239,1.516,3.3822,180,455,224
0.525,5.0,6.0,3.5972,1.5158,3.3841,180,455,224
0.5,3.5,6.0,2.7546,1.5156,3.1615,181,459,226
0.525,5.0,5.0,3.5673,1.5152,3.3825,180,455,224
0.5,3.5,5.0,2.8068,1.5148,3.1547,181,459,226
0.5,3.5,4.0,2.6866,1.5147,3.146,181,459,226
0.5,1.5,2.0,1.5345,1.514,2.2036,181,459,226
0.5,2.5,3.0,2.5866,1.5135,2.6231,181,459,226
0.55,4.5,2.0,2.5178,1.5132,3.8152,178,453,222
0.525,5.0,2.0,2.9367,1.513,3.4047,180,455,224
0.55,4.0,1.0,2.2438,1.513,3.5157,178,453,222
0.65,4.0,6.0,2.8393,1.5122,2.8855,176,438,220
0.5,3.5,2.0,2.3458,1.5117,3.118,181,459,226
0.45,4.0,6.0,2.5145,1.5107,2.9565,185,460,228
0.625,4.0,3.0,2.1219,1.5107,3.0748,176,442,220
0.55,4.5,3.0,2.7893,1.51,3.8181,178,453,222
0.65,4.5,3.0,2.456,1.5097,2.9797,176,438,220
0.525,1.5,3.0,1.5583,1.5097,2.246,180,455,224
0.675,3.5,1.0,2.1462,1.5095,2.7186,175,436,218
0.65,4.0,7.0,2.9827,1.5091,2.8847,176,438,220
0.475,2.5,7.0,2.926,1.5089,2.331,184,460,227
0.475,4.5,4.0,3.2376,1.5087,3.0327,184,460,227
0.45,1.5,2.0,1.4235,1.5084,1.4685,185,460,228
0.45,4.0,7.0,2.6097,1.5079,2.9591,185,460,228
0.425,2.5,2.0,1.4563,1.5075,2.0494,186,463,229
0.55,4.5,1.0,2.19,1.5074,3.8494,178,453,222
0.425,2.5,3.0,1.6379,1.5059,2.0228,186,463,229
0.475,2.5,6.0,2.8292,1.505,2.3279,184,460,227
0.5,5.0,2.0,3.2454,1.5035,3.0092,181,459,226
0.425,4.0,2.0,2.0681,1.5034,3.2162,186,463,229
0.425,2.5,4.0,1.777,1.5026,2.0086,186,463,229
0.625,4.0,4.0,2.2605,1.5024,3.0762,176,442,220
0.425,4.0,5.0,2.6138,1.5017,3.2216,186,463,229
0.425,2.5,5.0,1.8904,1.5012,1.9992,186,463,229
0.5,3.5,1.0,2.1266,1.5009,3.1075,181,459,226
0.425,2.5,6.0,1.6457,1.5006,1.9924,186,463,229
0.425,2.5,7.0,1.7344,1.5004,1.987,186,463,229
0.475,2.5,5.0,2.9387,1.5001,2.3242,184,460,227
0.55,4.5,4.0,2.9467,1.5001,3.8231,178,453,222
0.6,1.5,1.0,1.33,1.4998,2.0655,177,446,221
0.5,2.5,2.0,2.3761,1.4986,2.6096,181,459,226
0.525,1.5,2.0,1.3858,1.4985,2.2351,180,455,224
0.475,4.5,3.0,3.0531,1.4983,3.0338,184,460,227
0.625,2.5,7.0,2.6394,1.4981,2.1584,176,442,220
0.625,4.0,5.0,2.3755,1.4976,3.0772,176,442,220
0.625,2.5,6.0,2.5755,1.4969,2.1603,176,442,220
0.425,5.0,4.0,2.9459,1.4964,2.6662,186,463,229
0.5,1.5,1.0,1.2654,1.4962,2.1848,181,459,226
0.65,4.5,4.0,2.6021,1.4961,2.9751,176,438,220
0.625,2.5,5.0,2.4983,1.4952,2.1622,176,442,220
0.425,4.0,6.0,2.3772,1.495,3.2242,186,463,229
0.625,4.0,6.0,2.3546,1.4944,3.078,176,442,220
0.55,4.5,5.0,3.0689,1.4943,3.8278,178,453,222
0.475,4.0,5.0,2.9131,1.494,3.2686,184,460,227
0.475,4.0,2.0,2.3859,1.4938,3.2409,184,460,227
0.475,2.5,4.0,2.8119,1.4938,2.3193,184,460,227
0.425,5.0,2.0,2.4568,1.4936,2.7991,186,463,229
0.625,2.5,4.0,2.4022,1.4928,2.1641,176,442,220
0.575,3.0,1.0,2.1209,1.4925,2.7156,178,450,222
0.425,4.0,7.0,2.4729,1.4923,3.2266,186,463,229
0.625,4.0,7.0,2.5623,1.4921,3.0785,176,442,220
0.5,5.0,3.0,3.5603,1.491,2.9986,181,459,226
0.525,5.0,1.0,2.6542,1.4909,3.6748,180,455,224
0.425,2.5,1.0,1.2638,1.4909,2.1358,186,463,229
0.55,4.5,6.0,3.1488,1.4909,3.832,178,453,222
0.625,2.5,3.0,2.2776,1.4896,2.1661,176,442,220
0.55,4.5,7.0,3.2441,1.4889,3.8358,178,453,222
0.475,4.0,6.0,2.7962,1.4878,3.275,184,460,227
0.65,4.5,5.0,2.7224,1.4877,2.972,176,438,220
0.45,1.5,1.0,1.1573,1.4874,1.458,185,460,228
0.475,4.5,2.0,2.764,1.4871,3.0466,184,460,227
0.675,3.5,2.0,2.4524,1.4865,2.7231,175,436,218
0.45,5.0,1.0,2.6768,1.486,2.5932,185,460,228
0.625,2.5,1.0,1.8528,1.4857,2.1748,176,442,220
0.475,4.0,7.0,2.8875,1.4856,3.2805,184,460,227
0.625,2.5,2.0,2.1074,1.4855,2.1683,176,442,220
0.475,2.5,3.0,2.6534,1.4852,2.3127,184,460,227
0.7,1.5,1.0,2.378,1.4832,2.3794,175,431,217
0.625,5.0,1.0,2.0161,1.483,3.5701,176,442,220
0.65,4.5,6.0,2.7729,1.4819,2.9697,176,438,220
0.525,1.5,1.0,1.1144,1.4811,2.2103,180,455,224
0.5,2.5,1.0,2.0358,1.4785,2.5861,181,459,226
0.475,4.0,1.0,2.0797,1.4784,3.2573,184,460,227
0.675,3.5,3.0,2.6541,1.4782,2.7283,175,436,218
0.65,4.5,7.0,2.9166,1.4777,2.9679,176,438,220
0.7,5.0,1.0,2.3238,1.4753,3.6268,175,431,217
0.375,5.0,1.0,2.9575,1.475,3.0875,187,464,231
0.675,3.5,4.0,2.8043,1.4743,2.7319,175,436,218
0.475,2.5,2.0,2.4376,1.4734,2.303,184,460,227
0.5,5.0,4.0,3.7607,1.4727,3.0018,181,459,226
0.4,5.0,3.0,2.6561,1.4724,3.1455,186,463,230
0.675,3.5,5.0,2.9228,1.472,2.7345,175,436,218
0.675,3.5,6.0,3.0198,1.4703,2.7363,175,436,218
0.5,3.0,1.0,1.9706,1.4702,2.749,181,459,226
0.675,3.5,7.0,3.1013,1.4689,2.7377,175,436,218
0.5,3.0,7.0,2.668,1.468,2.6815,181,459,226
0.5,3.0,6.0,2.576,1.4662,2.6832,181,459,226
0.5,5.0,5.0,3.9105,1.4651,3.0075,181,459,226
0.5,3.0,2.0,2.1791,1.465,2.7035,181,459,226
0.5,3.0,5.0,2.6302,1.4644,2.6854,181,459,226
0.425,3.5,3.0,2.2255,1.464,3.3143,186,463,229
0.4,5.0,2.0,2.4226,1.4633,3.1928,186,463,230
0.7,3.0,7.0,3.0807,1.463,2.7244,175,431,217
0.5,3.0,4.0,2.5125,1.4627,2.6883,181,459,226
0.5,3.0,3.0,2.368,1.4618,2.6932,181,459,226
0.475,2.5,1.0,2.0841,1.4618,2.2882,184,460,227
0.5,5.0,6.0,3.8799,1.4608,3.0136,181,459,226
0.7,3.0,6.0,3.01,1.4605,2.7252,175,431,217
0.475,4.5,5.0,3.3765,1.4589,3.0341,184,460,227
0.5,5.0,7.0,3.9908,1.4582,3.0194,181,459,226
0.525,3.5,2.0,2.2171,1.4575,3.0698,180,455,224
0.7,3.0,5.0,2.925,1.4572,2.7259,175,431,217
0.325,5.0,1.0,2.5968,1.4565,3.2641,189,465,235
0.4,4.0,4.0,2.6513,1.4563,3.378,186,463,230
0.55,3.5,1.0,1.9168,1.4553,3.0125,178,453,222
0.525,3.5,3.0,2.4061,1.4548,3.0679,180,455,224
0.425,3.5,4.0,2.3813,1.4542,3.3261,186,463,229
0.475,3.0,7.0,2.521,1.453,2.4318,184,460,227
0.7,3.0,4.0,2.8198,1.4528,2.7263,175,431,217
0.475,3.0,6.0,2.4291,1.4512,2.4316,184,460,227
0.45,3.5,3.0,2.4411,1.4511,2.6828,185,460,228
0.475,3.0,5.0,2.5451,1.4496,2.4314,184,460,227
0.475,3.0,3.0,2.2822,1.4495,2.4325,184,460,227
0.4,4.0,1.0,1.9695,1.4495,3.5164,186,463,230
0.475,3.0,2.0,2.0921,1.4493,2.4375,184,460,227
0.425,3.5,5.0,2.5019,1.4491,3.3346,186,463,229
0.475,3.0,4.0,2.4271,1.4487,2.4315,184,460,227
0.525,3.5,4.0,2.5513,1.4484,3.0689,180,455,224
0.475,4.5,6.0,3.2761,1.4481,3.0362,184,460,227
0.425,3.5,2.0,1.9502,1.448,3.2976,186,463,229
0.55,3.5,2.0,2.1312,1.4471,2.9507,178,453,222
0.425,3.5,6.0,2.2624,1.4466,3.3411,186,463,229
0.7,3.0,3.0,2.6847,1.4466,2.7264,175,431,217
0.525,3.5,1.0,2.0101,1.4457,3.1026,180,455,224
0.425,3.5,7.0,2.3555,1.4454,3.3462,186,463,229
0.45,3.5,4.0,2.5941,1.4452,2.6834,185,460,228
0.525,3.5,5.0,2.67,1.4451,3.0703,180,455,224
0.525,3.5,6.0,2.6819,1.4434,3.0717,180,455,224
0.4,5.0,4.0,2.8413,1.4433,3.0972,186,463,230
0.625,5.0,2.0,2.2275,1.4433,3.5877,176,442,220
0.45,3.5,5.0,2.7153,1.4426,2.6844,185,460,228
0.525,3.5,7.0,2.775,1.4426,3.073,180,455,224
0.45,3.5,7.0,2.6325,1.4425,2.6864,185,460,228
0.475,4.5,7.0,3.3806,1.4422,3.0385,184,460,227
0.45,3.5,6.0,2.5387,1.4421,2.6855,185,460,228
0.4,4.0,3.0,2.4781,1.441,3.3671,186,463,230
0.625,4.5,1.0,2.035,1.4385,3.3973,176,442,220
0.425,3.5,1.0,1.597,1.4384,3.2881,186,463,229
0.55,3.0,1.0,1.9992,1.4383,2.6873,178,453,222
0.7,3.0,2.0,2.5009,1.4376,2.7259,175,431,217
0.5,4.0,1.0,2.1169,1.4367,3.3508,181,459,226
0.475,3.0,1.0,1.8802,1.4367,2.4764,184,460,227
0.45,3.0,3.0,2.0674,1.4357,2.1086,185,460,228
0.55,3.5,3.0,2.3246,1.4354,2.9357,178,453,222
0.475,3.5,3.0,2.8513,1.4331,3.0509,184,460,227
0.45,3.0,2.0,1.8806,1.4322,2.1205,185,460,228
0.55,3.0,2.0,2.3525,1.4308,2.6821,178,453,222
0.55,3.5,4.0,2.4733,1.4307,2.9288,178,453,222
0.45,3.0,4.0,2.2097,1.4296,2.1036,185,460,228
0.45,3.5,2.0,2.1707,1.4289,2.6851,185,460,228
0.55,3.5,5.0,2.595,1.4284,2.9249,178,453,222
0.625,5.0,3.0,2.4238,1.428,3.6011,176,442,220
0.475,3.5,4.0,3.0047,1.4275,3.0638,184,460,227
0.55,3.5,6.0,2.675,1.4273,2.9223,178,453,222
0.7,3.0,1.0,2.2203,1.4272,2.7284,175,431,217
0.5,4.0,3.0,2.7433,1.4271,3.33,181,459,226
0.45,3.0,5.0,2.3256,1.4271,2.1009,185,460,228
0.55,3.5,7.0,2.7704,1.4268,2.9204,178,453,222
0.425,5.0,5.0,3.1024,1.4266,2.6266,186,463,229
0.5,4.0,2.0,2.4665,1.4262,3.3245,181,459,226
0.45,3.0,6.0,2.1449,1.4262,2.0993,185,460,228
0.45,3.0,7.0,2.2352,1.4261,2.0982,185,460,228
0.475,3.5,5.0,3.1285,1.425,3.073,184,460,227
0.475,3.5,7.0,3.1136,1.4244,3.0855,184,460,227
0.475,3.5,6.0,3.0175,1.4243,3.08,184,460,227
0.55,3.0,3.0,2.5717,1.4237,2.6842,178,453,222
0.45,5.0,4.0,3.1031,1.4236,2.4037,185,460,228
0.5,4.0,4.0,2.9016,1.4217,3.3364,181,459,226
0.55,3.0,4.0,2.7344,1.4214,2.6865,178,453,222
0.35,5.0,1.0,2.5657,1.4213,3.314,189,464,233
0.55,3.0,5.0,2.8655,1.4206,2.6886,178,453,222
0.55,3.0,7.0,3.0532,1.4205,2.6921,178,453,222
0.55,3.0,6.0,2.9524,1.4204,2.6905,178,453,222
0.5,4.0,5.0,3.0238,1.4196,3.3421,181,459,226
0.5,4.0,7.0,3.067,1.4195,3.3514,181,459,226
0.5,4.0,6.0,2.9726,1.4191,3.3471,181,459,226
0.7,5.0,2.0,2.5682,1.4168,3.6116,175,431,217
0.4,4.0,2.0,2.2035,1.4158,3.36,186,463,230
0.625,4.5,2.0,2.2778,1.4142,3.4129,176,442,220
0.45,5.0,3.0,2.8908,1.4133,2.4114,185,460,228
0.45,4.5,1.0,2.3563,1.413,3.0209,185,460,228
0.625,5.0,4.0,2.5753,1.412,3.6103,176,442,220
0.45,2.0,7.0,1.8485,1.4111,1.8189,185,460,228
0.575,1.5,7.0,2.0905,1.4104,2.3561,178,450,222
0.475,3.5,2.0,2.5889,1.4098,3.0318,184,460,227
0.45,2.0,6.0,1.7567,1.4093,1.8154,185,460,228
0.45,3.0,1.0,1.6749,1.4071,2.1755,185,460,228
0.45,2.0,5.0,1.9355,1.407,1.8111,185,460,228
0.525,3.0,1.0,1.7867,1.4069,2.8172,180,455,224
0.425,5.0,6.0,2.8912,1.4066,2.599,186,463,229
0.575,1.5,6.0,2.0407,1.4066,2.353,178,450,222
0.7,4.5,1.0,2.5248,1.4064,3.4366,175,431,217
0.4,4.0,5.0,2.7824,1.4054,3.3876,186,463,230
0.45,2.0,4.0,1.8168,1.4039,1.8054,185,460,228
0.45,5.0,2.0,2.6106,1.4033,2.3817,185,460,228
0.45,3.5,1.0,1.8062,1.4028,2.7219,185,460,228
0.625,5.0,5.0,2.6993,1.402,3.617,176,442,220
0.575,1.5,5.0,1.9792,1.4018,2.3487,178,450,222
0.525,4.0,3.0,2.7869,1.4014,3.5815,180,455,224
0.525,4.0,7.0,3.1698,1.4006,3.621,180,455,224
0.425,3.0,2.0,1.6962,1.3995,2.5839,186,463,229
0.45,2.0,3.0,1.6699,1.3995,1.7974,185,460,228
0.525,4.0,6.0,3.0742,1.3994,3.6144,180,455,224
0.525,4.0,4.0,2.9375,1.3991,3.5958,180,455,224
0.525,4.0,5.0,3.0596,1.3988,3.6063,180,455,224
0.375,4.5,1.0,2.8262,1.3963,3.2051,187,464,231
0.6,2.5,7.0,2.3587,1.3956,2.0768,177,446,221
0.625,5.0,6.0,2.6852,1.3954,3.6222,176,442,220
0.625,4.5,3.0,2.4867,1.3953,3.4243,176,442,220
0.575,1.5,4.0,1.8997,1.3952,2.3424,178,450,222
0.425,3.0,3.0,1.8756,1.3951,2.5856,186,463,229
0.4,4.0,6.0,2.4871,1.3948,3.3957,186,463,230
0.425,5.0,7.0,3.0078,1.3947,2.5785,186,463,229
0.7,5.0,3.0,2.7742,1.3943,3.6094,175,431,217
0.6,2.5,6.0,2.2921,1.3938,2.0759,177,446,221
0.425,3.0,1.0,1.5083,1.3937,2.6053,186,463,229
0.45,2.0,2.0,1.4728,1.3937,1.7846,185,460,228
0.375,5.0,2.0,2.7379,1.3929,3.0135,187,464,231
0.525,4.0,2.0,2.5292,1.3924,3.5612,180,455,224
0.45,2.0,1.0,1.1656,1.3918,1.7581,185,460,228
0.6,2.5,5.0,2.213,1.3916,2.0749,177,446,221
0.625,5.0,7.0,2.8983,1.3907,3.6265,176,442,220
0.6,2.5,4.0,2.1166,1.3887,2.0734,177,446,221
0.4,4.0,7.0,2.5867,1.3886,3.4025,186,463,230
0.575,1.5,3.0,1.7903,1.3859,2.3327,178,450,222
0.525,3.0,2.0,1.9898,1.3855,2.8302,180,455,224
0.6,2.5,3.0,1.9956,1.3849,2.0714,177,446,221
0.7,5.0,4.0,2.9315,1.3842,3.6089,175,431,217
0.425,4.5,1.0,2.2985,1.384,3.0551,186,463,229
0.425,3.0,4.0,2.0134,1.3839,2.5881,186,463,229
0.475,5.0,1.0,2.8786,1.382,3.0686,184,460,227
0.475,3.5,1.0,2.2105,1.381,3.012,184,460,227
0.6,2.5,1.0,1.613,1.3806,2.0681,177,446,221
0.6,2.5,2.0,1.8374,1.3802,2.0686,177,446,221
0.425,1.5,7.0,1.8588,1.3801,1.8983,186,463,229
0.4,4.5,1.0,2.476,1.3795,3.4577,186,463,230
0.625,4.5,4.0,2.6457,1.3795,3.4322,176,442,220
0.7,5.0,5.0,3.0595,1.3785,3.6087,175,431,217
0.425,1.5,6.0,1.7977,1.3778,1.8957,186,463,229
0.425,3.0,5.0,2.1261,1.3775,2.5902,186,463,229
0.7,5.0,6.0,3.1684,1.375,3.6086,175,431,217
0.425,1.5,5.0,1.7234,1.3747,1.892,186,463,229
0.425,3.0,6.0,1.8809,1.3735,2.5918,186,463,229
0.7,5.0,7.0,3.2638,1.3727,3.6085,175,431,217
0.45,5.0,5.0,3.2614,1.3716,2.3913,185,460,228
0.575,1.5,2.0,1.6236,1.3715,2.3158,178,450,222
0.425,3.0,7.0,1.9694,1.3709,2.593,186,463,229
0.425,1.5,4.0,1.6299,1.3704,1.8862,186,463,229
0.625,4.5,5.0,2.7749,1.3695,3.438,176,442,220
0.525,3.0,3.0,2.1775,1.3694,2.8403,180,455,224
0.4,5.0,5.0,2.981,1.3673,3.0682,186,463,230
0.4,2.0,7.0,1.9056,1.367,2.1289,186,463,230
0.4,2.0,6.0,1.8146,1.3649,2.1264,186,463,230
0.425,1.5,3.0,1.5075,1.3642,1.8768,186,463,229
0.625,4.5,6.0,2.7647,1.3626,3.4424,176,442,220
0.525,3.0,4.0,2.3219,1.3626,2.8475,180,455,224
0.4,2.0,5.0,2.1201,1.3623,2.1233,186,463,230
0.525,4.0,1.0,2.1665,1.3611,3.5475,180,455,224
0.45,5.0,6.0,3.1139,1.3595,2.382,185,460,228
0.375,4.5,3.0,2.8418,1.3592,3.1375,187,464,231
0.525,3.0,5.0,2.4402,1.3592,2.8528,180,455,224
0.4,2.0,4.0,2.0026,1.3588,2.1194,186,463,230
0.3,5.0,1.0,2.7117,1.3587,3.3056,190,469,236
0.625,4.5,7.0,2.9808,1.3577,3.446,176,442,220
0.7,4.5,2.0,2.7849,1.3575,3.4293,175,431,217
0.525,3.0,6.0,2.4517,1.3573,2.8571,180,455,224
0.325,5.0,2.0,2.3786,1.3564,3.2936,189,465,235
0.525,3.0,7.0,2.5445,1.3561,2.8606,180,455,224
0.425,1.5,2.0,1.3378,1.3548,1.8599,186,463,229
0.4,2.0,3.0,1.8569,1.3539,2.114,186,463,230
0.45,4.5,4.0,3.1466,1.3534,2.7793,185,460,228
0.425,2.0,7.0,1.9043,1.3527,2.0273,186,463,229
0.45,5.0,7.0,3.2319,1.3525,2.3751,185,460,228
0.425,2.0,6.0,1.8132,1.3518,2.0235,186,463,229
0.425,2.0,5.0,2.0549,1.3504,2.0188,186,463,229
0.425,2.0,4.0,1.9371,1.3485,2.0123,186,463,229
0.475,2.0,7.0,2.2282,1.3484,1.8048,184,460,227
0.4,2.0,2.0,1.6614,1.3471,2.1061,186,463,230
0.475,2.0,6.0,2.1345,1.347,1.8022,184,460,227
0.575,1.5,1.0,1.3263,1.3468,2.2775,178,450,222
0.425,2.0,3.0,1.7912,1.3455,2.003,186,463,229
0.475,2.0,5.0,2.2481,1.3452,1.799,184,460,227
0.55,2.0,7.0,2.3722,1.345,2.1884,178,453,222
0.55,2.0,6.0,2.3098,1.3439,2.1887,178,453,222
0.4,5.0,6.0,2.6939,1.3436,3.0488,186,463,230
0.425,1.5,1.0,1.0801,1.3429,1.822,186,463,229
0.65,3.0,1.0,1.8816,1.3427,2.3935,176,438,220
0.475,2.0,4.0,2.1267,1.3427,1.7947,184,460,227
0.55,2.0,5.0,2.2338,1.3424,2.1886,178,453,222
0.425,2.0,1.0,1.2903,1.3422,1.9565,186,463,229
0.55,2.0,1.0,1.5733,1.3422,2.1714,178,453,222
0.425,2.0,2.0,1.5956,1.3416,1.9879,186,463,229
0.375,4.5,2.0,2.6017,1.3414,3.0701,187,464,231
0.7,4.5,3.0,2.9976,1.3409,3.4314,175,431,217
0.55,2.0,4.0,2.1381,1.3406,2.1878,178,453,222
0.4,2.0,1.0,1.3506,1.3402,2.094,186,463,230
0.475,2.0,3.0,1.9761,1.3394,1.789,184,460,227
0.55,2.0,3.0,2.0124,1.3384,2.1857,178,453,222
0.475,2.0,1.0,1.457,1.3374,1.7686,184,460,227
0.45,4.5,3.0,2.9554,1.337,2.775,185,460,228
0.55,2.0,2.0,1.8374,1.3362,2.1812,178,453,222
0.475,2.0,2.0,1.7738,1.3352,1.7805,184,460,227
0.7,4.5,4.0,3.1587,1.3339,3.4337,175,431,217
0.375,4.5,4.0,3.032,1.3325,3.1508,187,464,231
0.375,3.0,3.0,2.1917,1.3315,3.0437,187,464,231
0.7,4.5,5.0,3.2894,1.3302,3.4355,175,431,217
0.4,5.0,7.0,2.8012,1.3288,3.0347,186,463,230
0.7,4.5,6.0,3.4002,1.3278,3.437,175,431,217
0.7,4.5,7.0,3.4972,1.3263,3.4381,175,431,217
0.375,5.0,3.0,2.9737,1.3246,2.9869,187,464,231
0.65,3.0,2.0,2.134,1.3245,2.3928,176,438,220
0.375,3.0,4.0,2.3236,1.3209,3.0418,187,464,231
0.325,4.5,1.0,2.444,1.3205,3.4598,189,465,235
0.65,3.0,3.0,2.3062,1.3204,2.3949,176,438,220
0.475,5.0,4.0,3.517,1.3189,2.7522,184,460,227
0.65,3.0,4.0,2.4369,1.3186,2.3963,176,438,220
0.65,3.0,5.0,2.5411,1.3173,2.3972,176,438,220
0.65,3.0,6.0,2.627,1.3162,2.3977,176,438,220
0.45,4.5,2.0,2.6534,1.3153,2.7837,185,460,228
0.65,3.0,7.0,2.6994,1.3152,2.398,176,438,220
0.375,3.0,5.0,2.4331,1.3151,3.0405,187,464,231
0.375,3.0,2.0,1.9655,1.3146,3.0491,187,464,231
0.625,3.0,1.0,1.8281,1.3124,2.4142,176,442,220
0.4,2.5,1.0,1.1237,1.3122,2.3807,186,463,230
0.375,3.0,6.0,2.0614,1.3119,3.0394,187,464,231
0.375,3.0,7.0,2.1491,1.3101,3.0384,187,464,231
0.475,5.0,3.0,3.3222,1.3072,2.7554,184,460,227
0.4,2.5,2.0,1.3051,1.3061,2.3163,186,463,230
0.375,4.0,1.0,2.4085,1.3057,3.6002,187,464,231
0.45,4.5,5.0,3.29,1.3053,2.7855,185,460,228
0.5,2.0,7.0,2.7754,1.3044,1.7542,181,459,226
0.425,4.5,4.0,3.14,1.3031,2.7703,186,463,229
0.5,2.0,6.0,2.7023,1.3025,1.7524,181,459,226
0.4,4.5,4.0,2.9885,1.3015,3.4486,186,463,230
0.4,3.0,3.0,1.9514,1.3007,3.0036,186,463,230
0.5,2.0,5.0,2.6135,1.3002,1.7503,181,459,226
0.375,3.5,4.0,2.4817,1.2991,3.4292,187,464,231
0.4,3.5,4.0,2.1223,1.2982,3.3431,186,463,230
0.5,2.0,4.0,2.5024,1.2974,1.7476,181,459,226
0.45,4.5,6.0,3.1299,1.296,2.7916,185,460,228
0.7,3.5,1.0,2.3944,1.2958,3.0091,175,431,217
0.475,5.0,2.0,3.0201,1.2957,2.7766,184,460,227
0.4,3.0,2.0,1.738,1.2956,2.9927,186,463,230
0.425,4.5,3.0,2.9384,1.2954,2.7725,186,463,229
0.4,3.0,1.0,1.4634,1.2952,2.9904,186,463,230
0.4,4.5,3.0,2.7875,1.2942,3.4289,186,463,230
0.4,2.5,3.0,1.4825,1.2939,2.2984,186,463,230
0.5,2.0,3.0,2.3573,1.2939,1.744,181,459,226
0.5,2.0,1.0,1.8415,1.2939,1.736,181,459,226
0.625,3.0,2.0,2.1153,1.2911,2.405,176,442,220
0.45,4.5,7.0,3.2367,1.291,2.7974,185,460,228
0.35,5.0,2.0,2.4105,1.2908,3.2852,189,464,233
0.5,2.0,2.0,2.1562,1.29,1.7392,181,459,226
0.4,3.5,3.0,1.9815,1.2893,3.3347,186,463,230
0.3,5.0,2.0,2.528,1.2893,3.3559,190,469,236
0.425,4.5,2.0,2.6178,1.2891,2.7917,186,463,229
0.375,3.5,3.0,2.3298,1.2888,3.4153,187,464,231
0.4,4.5,2.0,2.5121,1.2871,3.3516,186,463,230
0.375,3.0,1.0,1.6693,1.2859,3.0891,187,464,231
0.4,2.5,4.0,1.6187,1.2844,2.2893,186,463,230
0.375,5.0,4.0,3.16,1.2828,2.9514,187,464,231
0.4,3.0,4.0,2.0746,1.2825,3.0114,186,463,230
0.7,3.5,7.0,3.2973,1.282,3.0598,175,431,217
0.7,3.5,6.0,3.2246,1.2816,3.057,175,431,217
0.7,3.5,5.0,3.1369,1.2811,3.0533,175,431,217
0.7,3.5,2.0,2.6948,1.2807,3.0293,175,431,217
0.7,3.5,4.0,3.0281,1.2805,3.0482,175,431,217
0.625,3.0,3.0,2.3075,1.2803,2.4039,176,442,220
0.7,3.5,3.0,2.8875,1.28,3.0409,175,431,217
0.4,2.5,5.0,1.7302,1.2791,2.2834,186,463,230
0.55,1.5,7.0,1.9747,1.277,2.2856,178,453,222
0.4,2.5,6.0,1.4202,1.2758,2.2791,186,463,230
0.375,2.5,2.0,1.8291,1.2754,2.3857,187,464,231
0.4,3.5,1.0,1.4451,1.2747,3.338,186,463,230
0.55,1.5,6.0,1.9171,1.2747,2.2832,178,453,222
0.625,3.0,4.0,2.4509,1.2745,2.4038,176,442,220
0.4,2.5,7.0,1.5076,1.2735,2.2757,186,463,230
0.55,1.5,5.0,1.8465,1.2717,2.2797,178,453,222
0.4,3.0,5.0,2.1776,1.2711,3.017,186,463,230
0.4,3.5,2.0,1.7313,1.2711,3.3248,186,463,230
0.375,2.5,1.0,1.635,1.2706,2.4366,187,464,231
0.625,3.0,5.0,2.564,1.2705,2.4038,176,442,220
0.475,5.0,5.0,3.6665,1.2687,2.7532,184,460,227
0.375,3.5,2.0,2.0712,1.2679,3.3993,187,464,231
0.55,1.5,4.0,1.7564,1.2676,2.2747,178,453,222
0.625,3.0,6.0,2.6563,1.2676,2.4039,176,442,220
0.375,2.5,3.0,2.0121,1.2655,2.374,187,464,231
0.625,3.0,7.0,2.7336,1.2653,2.4039,176,442,220
0.4,3.0,6.0,1.8622,1.2635,3.0212,186,463,230
0.325,3.5,4.0,2.4056,1.2621,3.6652,189,465,235
0.35,4.5,1.0,2.472,1.262,3.2608,189,464,233
0.55,1.5,3.0,1.6352,1.2618,2.267,178,453,222
0.325,4.5,3.0,2.4724,1.2594,3.2728,189,465,235
0.4,3.0,7.0,1.9459,1.2582,3.0244,186,463,230
0.375,2.5,4.0,2.1513,1.2577,2.3685,187,464,231
0.375,4.5,5.0,3.1759,1.2575,3.153,187,464,231
0.475,5.0,6.0,3.5758,1.2571,2.7555,184,460,227
0.525,2.5,1.0,1.8089,1.2545,2.4292,180,455,224
0.375,3.5,1.0,1.8115,1.2537,3.4252,187,464,231
0.375,2.5,5.0,2.2646,1.2536,2.3651,187,464,231
0.55,1.5,2.0,1.4594,1.253,2.2535,178,453,222
0.375,2.5,6.0,1.8945,1.2512,2.3627,187,464,231
0.475,5.0,7.0,3.6887,1.2504,2.7583,184,460,227
0.375,4.0,4.0,2.9503,1.2501,3.5129,187,464,231
0.375,2.5,7.0,1.9827,1.2497,2.3607,187,464,231
0.425,4.5,5.0,3.2935,1.2486,2.7717,186,463,229
0.325,3.5,3.0,2.241,1.248,3.6503,189,465,235
0.375,3.5,5.0,2.5996,1.2477,3.44,187,464,231
0.4,3.5,5.0,2.233,1.2467,3.3497,186,463,230
0.4,4.5,5.0,3.1352,1.2457,3.455,186,463,230
0.55,1.5,1.0,1.1742,1.2409,2.2235,178,453,222
0.325,4.5,2.0,2.2463,1.239,3.3206,189,465,235
0.375,3.5,6.0,2.2337,1.2385,3.4487,187,464,231
0.375,4.0,3.0,2.7859,1.2376,3.4912,187,464,231
0.325,3.5,1.0,1.7314,1.2373,3.7816,189,465,235
0.4,3.5,6.0,1.9226,1.2369,3.355,186,463,230
0.425,4.5,6.0,3.08,1.2348,2.7741,186,463,229
0.375,4.5,6.0,2.831,1.2347,3.1544,187,464,231
0.375,3.5,7.0,2.3258,1.2338,3.4558,187,464,231
0.525,2.5,2.0,2.1196,1.2335,2.4547,180,455,224
0.325,4.5,4.0,2.6514,1.2327,3.2271,189,465,235
0.4,3.5,7.0,2.01,1.2319,3.3594,186,463,230
0.4,4.5,6.0,2.8514,1.2317,3.4596,186,463,230
0.325,3.5,2.0,1.9792,1.2268,3.6369,189,465,235
0.425,4.5,7.0,3.1944,1.2263,2.7768,186,463,229
0.325,5.0,3.0,2.5565,1.2251,3.263,189,465,235
0.525,2.5,3.0,2.3208,1.2233,2.4688,180,455,224
0.4,4.5,7.0,2.9599,1.223,3.4635,186,463,230
0.375,4.5,7.0,2.941,1.2204,3.1556,187,464,231
0.375,4.0,2.0,2.5318,1.2188,3.4677,187,464,231
0.525,2.5,4.0,2.4717,1.2182,2.4779,180,455,224
0.525,2.5,5.0,2.594,1.2153,2.4845,180,455,224
0.3,4.5,1.0,2.6253,1.214,3.2023,190,469,236
0.525,2.5,6.0,2.6082,1.2133,2.4895,180,455,224
0.525,2.5,7.0,2.7031,1.2118,2.4935,180,455,224
0.325,3.5,5.0,2.5312,1.2103,3.6775,189,465,235
0.525,2.0,1.0,1.5645,1.2093,1.9736,180,455,224
0.325,3.5,6.0,2.0505,1.2016,3.6877,189,465,235
0.375,5.0,5.0,3.3009,1.2002,2.9311,187,464,231
0.325,3.5,7.0,2.147,1.1973,3.6962,189,465,235
0.375,4.0,5.0,3.0766,1.1969,3.5303,187,464,231
0.525,2.0,7.0,2.3877,1.1928,2.0253,180,455,224
0.525,2.0,2.0,1.8289,1.1924,1.9962,180,455,224
0.525,2.0,6.0,2.3196,1.192,2.023,180,455,224
0.525,2.0,5.0,2.2375,1.1913,2.0197,180,455,224
0.525,2.0,4.0,2.136,1.1906,2.0151,180,455,224
0.525,2.0,3.0,2.0054,1.1905,2.008,180,455,224
0.375,4.0,6.0,2.7171,1.1853,3.5443,187,464,231
0.4,1.5,7.0,1.5621,1.1836,2.095,186,463,230
0.4,1.5,6.0,1.5016,1.1827,2.0924,186,463,230
0.35,3.5,4.0,2.2516,1.1824,3.6358,189,464,233
0.4,1.5,5.0,1.4279,1.1815,2.0887,186,463,230
0.4,1.5,4.0,1.3348,1.1799,2.0832,186,463,230
0.325,3.0,4.0,2.039,1.1785,3.7919,189,465,235
0.375,4.0,7.0,2.8145,1.1783,3.5558,187,464,231
0.4,1.5,3.0,1.2123,1.1775,2.0745,186,463,230
0.3,5.0,3.0,2.678,1.1762,3.3331,190,469,236
0.325,5.0,4.0,2.7173,1.1752,3.223,189,465,235
0.4,1.5,2.0,1.041,1.1743,2.0593,186,463,230
0.4,1.5,1.0,0.777,1.174,2.0262,186,463,230
0.375,5.0,6.0,2.9536,1.1728,2.9182,187,464,231
0.325,3.0,3.0,1.8962,1.1697,3.7728,189,465,235
0.3,4.5,3.0,2.5919,1.1684,3.0692,190,469,236
0.325,2.0,2.0,1.4562,1.1673,1.8891,189,465,235
0.35,3.5,3.0,2.0957,1.1671,3.6175,189,464,233
0.575,2.5,1.0,1.7466,1.167,2.4159,178,450,222
0.325,4.5,5.0,2.7867,1.158,3.2005,189,465,235
0.325,2.0,3.0,1.6391,1.1576,1.8712,189,465,235
0.375,5.0,7.0,3.0617,1.1553,2.9092,187,464,231
0.35,3.0,3.0,1.953,1.1545,3.2615,189,464,233
0.325,2.0,1.0,1.2158,1.1524,1.9507,189,465,235
0.35,3.5,1.0,1.5387,1.1514,3.6045,189,464,233
0.325,2.0,4.0,1.7783,1.1511,1.8619,189,465,235
0.35,4.5,3.0,2.511,1.1507,3.0967,189,464,233
0.325,3.0,2.0,1.6409,1.15,3.7427,189,465,235
0.325,2.0,5.0,1.8912,1.1478,1.8558,189,465,235
0.3,4.5,2.0,2.4408,1.1474,3.1028,190,469,236
0.325,2.0,6.0,1.4002,1.1459,1.8513,189,465,235
0.325,2.0,7.0,1.4878,1.1446,1.8478,189,465,235
0.55,2.5,1.0,1.6947,1.1442,2.5082,178,453,222
0.35,3.5,2.0,1.834,1.144,3.5946,189,464,233
0.325,4.0,4.0,3.0733,1.1437,3.5572,189,465,235
0.35,4.5,2.0,2.2786,1.1433,3.1412,189,464,233
0.35,3.0,2.0,1.7092,1.1425,3.2574,189,464,233
0.35,3.0,4.0,2.0902,1.1412,3.2652,189,464,233
0.3,4.5,4.0,2.7496,1.1407,3.0325,190,469,236
0.325,4.5,6.0,2.3147,1.137,3.1831,189,465,235
0.3,5.0,4.0,2.8384,1.136,3.3302,190,469,236
0.35,5.0,3.0,2.6435,1.1349,3.2763,189,464,233
0.35,3.0,5.0,2.2011,1.1337,3.2679,189,464,233
0.35,3.5,5.0,2.3732,1.132,3.6501,189,464,233
0.575,2.5,2.0,2.0563,1.1309,2.439,178,450,222
0.35,3.0,6.0,1.7722,1.1294,3.2699,189,464,233
0.325,4.0,1.0,2.3188,1.1284,3.5649,189,465,235
0.35,3.0,7.0,1.8599,1.1268,3.2713,189,464,233
0.325,4.0,3.0,2.8537,1.1267,3.5368,189,465,235
0.325,3.0,1.0,1.2909,1.1257,3.6964,189,465,235
0.35,3.0,1.0,1.3634,1.1246,3.2726,189,464,233
0.325,3.0,5.0,2.1517,1.1245,3.8051,189,465,235
0.325,4.5,7.0,2.4191,1.1243,3.1709,189,465,235
0.375,2.0,1.0,1.6629,1.1239,2.1126,187,464,231
0.35,3.5,6.0,1.9526,1.1237,3.6615,189,464,233
0.55,2.5,2.0,1.9942,1.1225,2.5336,178,453,222
0.575,2.5,3.0,2.2584,1.121,2.4533,178,450,222
0.35,3.5,7.0,2.0473,1.1195,3.6709,189,464,233
0.35,4.5,4.0,2.6955,1.118,3.0513,189,464,233
0.575,2.5,4.0,2.4069,1.1162,2.4629,178,450,222
0.325,3.0,6.0,1.6612,1.1146,3.8149,189,465,235
0.575,2.5,5.0,2.5226,1.1132,2.4699,178,450,222
0.375,1.5,7.0,1.9107,1.1122,1.5302,187,464,231
0.55,2.5,3.0,2.1927,1.112,2.5489,178,453,222
0.375,1.5,6.0,1.8183,1.1117,1.5294,187,464,231
0.575,2.5,6.0,2.6162,1.1112,2.4753,178,450,222
0.375,2.0,2.0,1.9994,1.1109,2.1281,187,464,231
0.375,1.5,5.0,2.183,1.1109,1.5281,187,464,231
0.375,1.5,4.0,2.0626,1.1097,1.5259,187,464,231
0.575,2.5,7.0,2.694,1.1096,2.4797,178,450,222
0.325,3.0,7.0,1.7498,1.1093,3.8223,189,465,235
0.375,2.0,3.0,2.2058,1.1091,2.1367,187,464,231
0.375,2.0,4.0,2.3575,1.1087,2.1422,187,464,231
0.375,2.0,5.0,2.479,1.1086,2.1461,187,464,231
0.375,2.0,6.0,2.1149,1.1085,2.149,187,464,231
0.375,2.0,7.0,2.2078,1.1083,2.1512,187,464,231
0.375,1.5,3.0,1.9125,1.108,1.5223,187,464,231
0.375,1.5,1.0,1.3854,1.1076,1.5048,187,464,231
0.55,2.5,4.0,2.343,1.1065,2.5591,178,453,222
0.375,1.5,2.0,1.7092,1.1058,1.516,187,464,231
0.55,2.5,5.0,2.4655,1.1031,2.5665,178,453,222
0.55,2.5,6.0,2.546,1.1006,2.5722,178,453,222
0.325,4.0,2.0,2.5512,1.0996,3.4569,189,465,235
0.55,2.5,7.0,2.6418,1.0987,2.5769,178,453,222
0.325,4.0,5.0,3.2351,1.0918,3.5649,189,465,235
0.35,2.5,2.0,1.4674,1.0885,2.6798,189,464,233
0.325,5.0,5.0,2.8416,1.0884,3.1995,189,465,235
0.35,2.5,3.0,1.6408,1.0869,2.6779,189,464,233
0.325,4.0,6.0,2.7822,1.0824,3.5706,189,465,235
0.35,4.0,1.0,2.1424,1.0806,3.5968,189,464,233
0.3,3.5,4.0,2.5532,1.0781,3.5632,190,469,236
0.325,4.0,7.0,2.9014,1.0772,3.5754,189,465,235
0.35,2.5,4.0,1.7747,1.077,2.6779,189,464,233
0.35,5.0,4.0,2.8268,1.0749,3.2519,189,464,233
0.35,2.5,5.0,1.8842,1.0714,2.6781,189,464,233
0.35,2.5,6.0,1.4535,1.068,2.6783,189,464,233
0.35,2.5,7.0,1.5393,1.0658,2.6783,189,464,233
0.3,4.5,5.0,2.8731,1.0655,3.0122,190,469,236
0.35,2.5,1.0,1.2521,1.0618,2.705,189,464,233
0.3,3.5,3.0,2.407,1.0603,3.5384,190,469,236
0.325,5.0,6.0,2.3619,1.0596,3.1843,189,465,235
0.3,5.0,5.0,2.9607,1.0562,3.3128,190,469,236
0.3,2.0,1.0,1.6181,1.0495,1.9236,190,469,236
0.3,2.0,2.0,1.8922,1.0485,1.8757,190,469,236
0.3,4.5,6.0,2.3338,1.0444,2.9995,190,469,236
0.325,5.0,7.0,2.4606,1.0413,3.1737,189,465,235
0.35,4.5,5.0,2.8352,1.0392,3.0244,189,464,233
0.3,2.0,3.0,2.0883,1.036,1.8635,190,469,236
0.3,5.0,6.0,2.4192,1.0332,3.298,190,469,236
0.3,4.5,7.0,2.4325,1.0316,2.9911,190,469,236
0.3,3.5,1.0,1.9444,1.0277,3.6207,190,469,236
0.3,3.5,2.0,2.2159,1.0275,3.5095,190,469,236
0.325,2.5,2.0,1.3459,1.0265,2.9873,189,465,235
0.3,2.0,4.0,2.2349,1.0264,1.8576,190,469,236
0.3,3.5,5.0,2.6691,1.0261,3.5827,190,469,236
0.3,4.0,1.0,2.3117,1.0254,3.4573,190,469,236
0.325,2.5,3.0,1.5096,1.0224,3.0082,189,465,235
0.3,2.0,5.0,2.3527,1.0209,1.8539,190,469,236
0.3,5.0,7.0,2.5155,1.0194,3.2872,190,469,236
0.3,2.0,6.0,1.8059,1.0172,1.8511,190,469,236
0.325,2.5,1.0,1.156,1.0172,2.961,189,465,235
0.3,3.5,6.0,2.1228,1.0169,3.5984,190,469,236
0.3,4.0,3.0,2.4306,1.0152,3.3797,190,469,236
0.3,2.0,7.0,1.8962,1.0146,1.849,190,469,236
0.35,4.5,6.0,2.4291,1.0144,3.0067,189,464,233
0.3,3.5,7.0,2.2148,1.0117,3.6113,190,469,236
0.325,2.5,4.0,1.6384,1.0079,3.0219,189,465,235
0.325,2.5,5.0,1.7449,0.9994,3.0316,189,465,235
0.35,4.5,7.0,2.5363,0.9988,2.9941,189,464,233
0.325,2.5,6.0,1.2496,0.994,3.0388,189,465,235
0.35,4.0,4.0,2.7719,0.9938,3.3985,189,464,233
0.325,2.5,7.0,1.3342,0.9903,3.0443,189,465,235
0.3,4.0,4.0,2.6036,0.9895,3.3909,190,469,236
0.3,4.0,2.0,2.2515,0.9891,3.3148,190,469,236
0.35,4.0,3.0,2.5978,0.9853,3.3851,189,464,233
0.35,2.0,1.0,1.3275,0.9847,2.1621,189,464,233
0.35,5.0,5.0,2.9653,0.9814,3.2395,189,464,233
0.325,1.5,1.0,0.997,0.9791,1.4879,189,465,235
0.35,4.0,2.0,2.3275,0.9734,3.379,189,464,233
0.325,1.5,2.0,1.3067,0.9708,1.5138,189,465,235
0.325,1.5,3.0,1.5029,0.9698,1.5261,189,465,235
0.325,1.5,4.0,1.6481,0.9695,1.5336,189,465,235
0.325,1.5,5.0,1.7646,0.9692,1.5387,189,465,235
0.325,1.5,6.0,1.2762,0.9689,1.5424,189,465,235
0.325,1.5,7.0,1.3657,0.9686,1.5453,189,465,235
0.35,2.0,2.0,1.6618,0.9656,2.1596,189,464,233
0.35,2.0,3.0,1.8665,0.9618,2.1622,189,464,233
0.3,3.0,4.0,2.5839,0.9614,3.5959,190,469,236
0.35,2.0,4.0,2.0167,0.9605,2.1644,189,464,233
0.35,2.0,5.0,2.1366,0.9599,2.1659,189,464,233
0.35,2.0,6.0,1.7135,0.9596,2.1671,189,464,233
0.35,2.0,7.0,1.805,0.9594,2.168,189,464,233
0.35,1.5,1.0,1.152,0.9579,1.4264,189,464,233
0.3,3.0,3.0,2.429,0.9504,3.5786,190,469,236
0.35,1.5,2.0,1.477,0.9491,1.4398,189,464,233
0.35,1.5,3.0,1.6802,0.9478,1.4479,189,464,233
0.35,1.5,4.0,1.8296,0.9474,1.4531,189,464,233
0.35,1.5,5.0,1.9491,0.9471,1.4567,189,464,233
0.35,5.0,6.0,2.5584,0.9469,3.2325,189,464,233
0.35,1.5,6.0,1.5257,0.9467,1.4594,189,464,233
0.35,1.5,7.0,1.617,0.9463,1.4614,189,464,233
0.35,4.0,5.0,2.9079,0.9368,3.411,189,464,233
0.3,3.0,2.0,2.156,0.9277,3.5527,190,469,236
0.35,5.0,7.0,2.6648,0.9242,3.2284,189,464,233
0.35,4.0,6.0,2.4993,0.9229,3.4218,189,464,233
0.3,4.0,5.0,2.737,0.9153,3.3926,190,469,236
0.35,4.0,7.0,2.604,0.9141,3.431,189,464,233
0.3,1.5,1.0,1.4543,0.9121,1.6715,190,469,236
0.3,3.0,5.0,2.7058,0.9086,3.6083,190,469,236
0.3,1.5,2.0,1.7794,0.9008,1.7046,190,469,236
0.3,3.0,6.0,2.1633,0.9001,3.6176,190,469,236
0.3,3.0,1.0,1.7785,0.8983,3.5209,190,469,236
0.3,1.5,3.0,1.9818,0.8982,1.7197,190,469,236
0.3,1.5,4.0,2.1304,0.897,1.7286,190,469,236
0.3,1.5,5.0,2.2491,0.8961,1.7345,190,469,236
0.3,3.0,7.0,2.2579,0.8959,3.625,190,469,236
0.3,1.5,6.0,1.7029,0.8953,1.7387,190,469,236
0.3,4.0,6.0,2.2048,0.8948,3.3941,190,469,236
0.3,1.5,7.0,1.7934,0.8945,1.7419,190,469,236
0.3,4.0,7.0,2.3087,0.8822,3.3957,190,469,236
0.3,2.5,1.0,1.7618,0.7765,2.7966,190,469,236
0.3,2.5,2.0,2.07,0.7733,2.8215,190,469,236
0.3,2.5,3.0,2.274,0.7727,2.8396,190,469,236
0.3,2.5,4.0,2.392,0.7506,2.8513,190,469,236
0.3,2.5,5.0,2.4916,0.737,2.8594,190,469,236
0.3,2.5,6.0,1.9325,0.7278,2.8652,190,469,236
0.3,2.5,7.0,2.0138,0.7213,2.8697,190,469,236
