tf,depth_frac,r_target,expiry_days,avg_pnl_holdout,avg_pnl_train,avg_pnl_validation,n_holdout,n_train,n_validation
1h,0.65,10.0,0.25,0.7597,1.988,0.0739,841,2155,906
1h,0.675,10.0,0.25,0.8258,1.9324,0.1954,836,2139,901
1h,0.7,10.0,0.25,0.8457,1.9184,0.2655,832,2122,898
1h,0.65,7.0,0.25,0.6613,1.831,0.0964,841,2155,906
1h,0.675,7.0,0.25,0.7187,1.777,0.1705,836,2139,901
1h,0.7,7.0,0.25,0.7143,1.7409,0.2427,832,2122,898
2h,0.675,10.0,0.25,2.2881,3.7237,1.4821,377,985,398
2h,0.625,10.0,0.25,2.3407,3.6373,1.5707,384,997,404
2h,0.7,10.0,0.25,2.0126,3.6291,1.6411,374,974,397
2h,0.675,7.0,0.25,2.362,3.6235,1.5911,377,985,398
2h,0.625,7.0,0.25,2.374,3.6108,1.7095,384,997,404
2h,0.6,10.0,0.25,2.2788,3.5584,1.6007,386,1005,407
2h,0.6,7.0,0.25,2.3261,3.5401,1.6734,386,1005,407
2h,0.7,7.0,0.25,2.0424,3.5222,1.9226,374,974,397
2h,0.575,10.0,0.25,2.2133,3.4948,1.5459,390,1008,408
2h,0.575,7.0,0.25,2.283,3.4841,1.7066,390,1008,408
2h,0.55,10.0,0.25,2.1478,3.4662,1.8333,392,1016,410
2h,0.65,10.0,0.25,2.398,3.4639,1.4738,380,991,402
2h,0.55,7.0,0.25,1.8784,3.4561,1.7643,392,1016,410
2h,0.625,5.0,0.25,2.0989,3.4533,1.7232,384,997,404
2h,0.675,5.0,0.25,1.9667,3.4489,1.613,377,985,398
2h,0.65,7.0,0.25,2.4487,3.4419,1.5805,380,991,402
2h,0.525,7.0,0.25,1.9226,3.4387,1.8892,393,1023,412
2h,0.525,10.0,0.25,2.1883,3.4379,1.9625,393,1023,412
2h,0.6,5.0,0.25,2.0193,3.4377,1.7338,386,1005,407
2h,0.5,7.0,0.25,1.8538,3.4306,1.7767,396,1031,415
2h,0.625,4.5,0.25,1.994,3.4169,1.6575,384,997,404
2h,0.5,10.0,0.25,2.1316,3.4115,1.8115,396,1031,415
2h,0.45,7.0,0.25,1.518,3.385,0.8651,400,1047,427
2h,0.4,7.0,0.25,1.3799,3.3739,0.4644,405,1060,439
2h,0.575,5.0,0.25,1.9717,3.3729,1.725,390,1008,408
2h,0.475,7.0,0.25,1.6826,3.3653,1.5723,399,1038,418
2h,0.55,5.0,0.25,1.9286,3.3634,2.0137,392,1016,410
2h,0.675,4.5,0.25,1.83,3.3552,1.4775,377,985,398
2h,0.525,5.0,0.25,2.002,3.3515,2.1452,393,1023,412
2h,0.425,7.0,0.25,1.281,3.3484,0.712,402,1053,432
2h,0.475,10.0,0.25,1.9016,3.3476,1.6011,399,1038,418
2h,0.45,10.0,0.25,1.6952,3.3472,0.9127,400,1047,427
2h,0.4,10.0,0.25,1.5641,3.3316,0.4542,405,1060,439
2h,0.5,5.0,0.25,1.9112,3.3247,1.9468,396,1031,415
2h,0.35,7.0,0.25,1.264,3.3237,0.5916,413,1076,442
2h,0.6,4.5,0.25,1.9888,3.3185,1.6861,386,1005,407
2h,0.325,7.0,0.25,1.1702,3.3172,0.9353,417,1082,445
2h,0.7,5.0,0.25,1.7014,3.3115,1.7236,374,974,397
2h,0.425,10.0,0.25,1.4618,3.3082,0.7146,402,1053,432
2h,0.3,7.0,0.25,1.1672,3.3036,0.7519,421,1089,450
2h,0.375,7.0,0.25,1.2993,3.2991,0.8146,408,1066,440
2h,0.575,4.5,0.25,1.9146,3.2754,1.749,390,1008,408
2h,0.45,5.0,0.25,1.4933,3.2658,0.9891,400,1047,427
2h,0.3,10.0,0.25,1.3602,3.2657,0.7951,421,1089,450
2h,0.5,4.5,0.25,1.9007,3.2656,1.9608,396,1031,415
2h,0.35,10.0,0.25,1.4639,3.2641,0.6081,413,1076,442
2h,0.55,4.5,0.25,1.8292,3.2633,2.054,392,1016,410
2h,0.375,10.0,0.25,1.4831,3.263,0.8184,408,1066,440
2h,0.325,10.0,0.25,1.3707,3.2626,0.9641,417,1082,445
2h,0.4,5.0,0.25,1.4372,3.2618,0.5488,405,1060,439
2h,0.65,5.0,0.25,2.1231,3.2618,1.6225,380,991,402
2h,0.475,5.0,0.25,1.6548,3.2572,1.6743,399,1038,418
2h,0.7,4.5,0.25,1.6888,3.2557,1.6109,374,974,397
2h,0.525,4.5,0.25,1.9316,3.2504,2.0664,393,1023,412
2h,0.625,4.0,0.25,2.0359,3.243,1.4159,384,997,404
2h,0.675,4.0,0.25,1.8387,3.2404,1.4352,377,985,398
2h,0.45,4.5,0.25,1.3977,3.2329,1.0425,400,1047,427
2h,0.425,5.0,0.25,1.3045,3.2313,0.7834,402,1053,432
2h,0.3,5.0,0.25,1.2223,3.2143,0.5677,421,1089,450
2h,0.4,4.5,0.25,1.2749,3.2128,0.6086,405,1060,439
2h,0.475,4.5,0.25,1.6509,3.2123,1.7512,399,1038,418
2h,0.65,4.5,0.25,1.9412,3.21,1.4721,380,991,402
2h,0.6,4.0,0.25,1.918,3.2019,1.4481,386,1005,407
2h,0.325,5.0,0.25,1.2318,3.2004,0.71,417,1082,445
2h,0.55,4.0,0.25,1.7522,3.1944,1.8056,392,1016,410
2h,0.35,5.0,0.25,1.3261,3.1941,0.439,413,1076,442
2h,0.525,4.0,0.25,1.9284,3.1906,1.9383,393,1023,412
2h,0.675,3.5,0.25,1.6927,3.1845,1.4015,377,985,398
2h,0.425,4.5,0.25,1.1831,3.1844,0.7945,402,1053,432
2h,0.375,5.0,0.25,1.3227,3.1825,0.8922,408,1066,440
2h,0.625,3.5,0.25,1.7812,3.1693,1.3722,384,997,404
2h,0.575,4.0,0.25,1.778,3.1639,1.4729,390,1008,408
2h,0.7,4.0,0.25,1.5561,3.1501,1.6288,374,974,397
2h,0.4,4.0,0.25,1.1961,3.1494,0.711,405,1060,439
2h,0.5,4.0,0.25,1.9461,3.1426,1.9327,396,1031,415
2h,0.35,4.5,0.25,1.2129,3.1371,0.7252,413,1076,442
2h,0.3,4.5,0.25,1.1972,3.1369,0.5833,421,1089,450
2h,0.6,3.5,0.25,1.7929,3.1351,1.3231,386,1005,407
2h,0.375,4.5,0.25,1.1985,3.1333,0.9731,408,1066,440
2h,0.325,4.5,0.25,1.1931,3.131,1.0613,417,1082,445
2h,0.65,4.0,0.25,2.0282,3.124,1.3723,380,991,402
2h,0.45,4.0,0.25,1.3993,3.1168,1.0344,400,1047,427
2h,0.425,4.0,0.25,1.1017,3.1079,0.8548,402,1053,432
2h,0.375,4.0,0.25,1.0535,3.0989,1.06,408,1066,440
2h,0.475,4.0,0.25,1.6475,3.0948,1.7164,399,1038,418
2h,0.35,4.0,0.25,1.0585,3.0815,0.8412,413,1076,442
2h,0.3,4.0,0.25,1.0332,3.0765,0.8383,421,1089,450
2h,0.325,4.0,0.25,1.0347,3.0758,1.0205,417,1082,445
2h,0.6,3.0,0.25,1.5683,3.0484,1.4589,386,1005,407
2h,0.575,3.5,0.25,1.7453,3.0427,1.3619,390,1008,408
2h,0.4,3.5,0.25,1.204,3.0416,0.5786,405,1060,439
2h,0.625,3.0,0.25,1.5984,3.0383,1.1915,384,997,404
2h,0.7,3.5,0.25,1.3759,3.0364,1.4363,374,974,397
2h,0.525,3.5,0.25,1.7591,3.0351,1.7726,393,1023,412
2h,0.5,3.5,0.25,1.7314,3.0328,1.6541,396,1031,415
2h,0.65,3.5,0.25,1.786,3.0222,1.263,380,991,402
2h,0.55,3.5,0.25,1.7216,3.0179,1.5851,392,1016,410
2h,0.3,3.5,0.25,1.0156,3.0165,0.8527,421,1089,450
2h,0.45,3.5,0.25,1.3354,3.0158,0.857,400,1047,427
2h,0.475,3.5,0.25,1.5277,3.0005,1.4475,399,1038,418
2h,0.325,3.5,0.25,1.0949,2.9928,1.0068,417,1082,445
2h,0.425,3.5,0.25,1.1551,2.9834,0.7192,402,1053,432
2h,0.675,3.0,0.25,1.5777,2.9785,1.1921,377,985,398
2h,0.35,3.5,0.25,1.1531,2.9675,0.7271,413,1076,442
2h,0.575,3.0,0.25,1.5259,2.9428,1.5047,390,1008,408
2h,0.375,3.5,0.25,1.1708,2.9397,0.9142,408,1066,440
2h,0.625,10.0,0.5,1.628,2.9228,0.5895,384,997,404
2h,0.55,3.0,0.25,1.4911,2.921,1.5725,392,1016,410
2h,0.675,10.0,0.5,1.4328,2.908,0.5497,377,985,398
2h,0.6,10.0,0.5,1.4314,2.888,0.5842,386,1005,407
2h,0.525,3.0,0.25,1.5935,2.884,1.739,393,1023,412
2h,0.3,3.0,0.25,1.0293,2.876,0.7324,421,1089,450
2h,0.325,3.0,0.25,0.9604,2.8596,0.8799,417,1082,445
2h,0.5,3.0,0.25,1.6078,2.8565,1.5416,396,1031,415
2h,0.575,10.0,0.5,1.297,2.8503,0.7227,390,1008,408
2h,0.35,3.0,0.25,0.9549,2.8488,0.5719,413,1076,442
2h,0.65,3.0,0.25,1.5676,2.8362,1.119,380,991,402
2h,0.4,3.0,0.25,0.9711,2.8351,0.3653,405,1060,439
2h,0.7,3.0,0.25,1.2157,2.8276,1.2938,374,974,397
2h,0.475,3.0,0.25,1.3897,2.8201,1.3171,399,1038,418
2h,0.625,2.5,0.25,1.6187,2.8178,1.0723,384,997,404
2h,0.55,10.0,0.5,1.1322,2.8135,0.9628,392,1016,410
2h,0.6,2.5,0.25,1.5029,2.8057,1.3208,386,1005,407
2h,0.375,3.0,0.25,0.9194,2.8048,0.7366,408,1066,440
2h,0.65,10.0,0.5,1.6493,2.8004,0.5738,380,991,402
2h,0.45,3.0,0.25,1.1204,2.7934,0.6995,400,1047,427
2h,0.55,2.5,0.25,1.3245,2.7876,1.5596,392,1016,410
2h,0.425,3.0,0.25,0.8777,2.7823,0.4941,402,1053,432
2h,0.675,2.5,0.25,1.447,2.7782,0.981,377,985,398
2h,0.575,2.5,0.25,1.3511,2.7635,1.315,390,1008,408
2h,0.5,10.0,0.5,1.1142,2.7612,0.7772,396,1031,415
2h,0.7,10.0,0.5,1.1008,2.756,0.7645,374,974,397
2h,0.525,10.0,0.5,1.0398,2.7373,0.8741,393,1023,412
2h,0.475,10.0,0.5,0.9591,2.7299,0.4188,399,1038,418
2h,0.525,2.5,0.25,1.4929,2.6964,1.701,393,1023,412
2h,0.5,2.5,0.25,1.4358,2.6956,1.6594,396,1031,415
2h,0.7,2.5,0.25,1.0833,2.6742,1.1973,374,974,397
2h,0.475,2.5,0.25,1.2024,2.6571,1.4078,399,1038,418
2h,0.4,2.5,0.25,0.9177,2.6563,0.1848,405,1060,439
2h,0.45,2.5,0.25,1.0179,2.6545,0.7014,400,1047,427
2h,0.65,2.5,0.25,1.6286,2.6357,0.9899,380,991,402
2h,0.3,2.5,0.25,0.77,2.6317,0.5409,421,1089,450
2h,0.35,2.5,0.25,0.8266,2.6241,0.3423,413,1076,442
2h,0.425,2.5,0.25,0.8638,2.6138,0.4863,402,1053,432
2h,0.325,2.5,0.25,0.7412,2.603,0.6202,417,1082,445
2h,0.625,2.0,0.25,1.3352,2.5927,0.9703,384,997,404
2h,0.625,7.0,0.5,1.5312,2.5912,0.5455,384,997,404
2h,0.375,2.5,0.25,0.848,2.5846,0.4907,408,1066,440
2h,0.6,7.0,0.5,1.3078,2.5652,0.4795,386,1005,407
2h,0.575,7.0,0.5,1.2245,2.5638,0.6957,390,1008,408
2h,0.6,2.0,0.25,1.2967,2.5408,1.1332,386,1005,407
2h,0.55,7.0,0.5,0.8732,2.5351,0.7675,392,1016,410
2h,0.675,7.0,0.5,1.3447,2.5305,0.4761,377,985,398
2h,0.675,2.0,0.25,1.2077,2.5213,1.01,377,985,398
2h,0.4,2.0,0.25,0.7844,2.5113,0.2087,405,1060,439
2h,0.5,7.0,0.5,0.7956,2.5056,0.6115,396,1031,415
2h,0.575,2.0,0.25,1.3289,2.5052,1.1756,390,1008,408
2h,0.5,2.0,0.25,1.4474,2.4983,1.3295,396,1031,415
2h,0.55,2.0,0.25,1.2557,2.4931,1.3795,392,1016,410
2h,0.45,2.0,0.25,0.8871,2.4768,0.5096,400,1047,427
2h,0.475,7.0,0.5,0.6925,2.4733,0.4068,399,1038,418
2h,0.525,7.0,0.5,0.7761,2.4701,0.6701,393,1023,412
2h,0.525,2.0,0.25,1.4596,2.4692,1.4448,393,1023,412
2h,0.475,2.0,0.25,1.0005,2.462,1.1483,399,1038,418
2h,0.65,7.0,0.5,1.5627,2.4479,0.5675,380,991,402
2h,0.425,2.0,0.25,0.6352,2.4454,0.3819,402,1053,432
2h,0.325,2.0,0.25,0.5929,2.437,0.6254,417,1082,445
2h,0.3,2.0,0.25,0.6585,2.4342,0.4661,421,1089,450
2h,0.35,2.0,0.25,0.6627,2.4317,0.3961,413,1076,442
2h,0.7,7.0,0.5,0.9383,2.4152,0.8213,374,974,397
2h,0.7,2.0,0.25,0.8473,2.4124,1.0453,374,974,397
2h,0.675,1.5,0.25,1.1475,2.4071,0.6702,377,985,398
2h,0.375,2.0,0.25,0.6893,2.4045,0.6492,408,1066,440
2h,0.65,2.0,0.25,1.3503,2.3948,0.9724,380,991,402
2h,0.625,1.5,0.25,1.0986,2.3784,0.7155,384,997,404
2h,0.675,5.0,0.5,0.69,2.3675,0.4305,377,985,398
2h,0.625,5.0,0.5,0.8804,2.3501,0.5192,384,997,404
2h,0.6,1.5,0.25,1.0138,2.3333,1.0585,386,1005,407
2h,0.6,5.0,0.5,0.6997,2.321,0.5438,386,1005,407
2h,0.55,5.0,0.5,0.7155,2.3197,0.9556,392,1016,410
2h,0.7,1.5,0.25,0.8808,2.3138,0.8343,374,974,397
2h,0.575,5.0,0.5,0.6465,2.2869,0.6866,390,1008,408
2h,0.575,1.5,0.25,0.9787,2.2717,1.1583,390,1008,408
2h,0.625,4.5,0.5,0.8351,2.2605,0.3885,384,997,404
2h,0.675,4.5,0.5,0.5183,2.2599,0.3289,377,985,398
2h,0.5,5.0,0.5,0.6323,2.2535,0.7943,396,1031,415
2h,0.525,1.5,0.25,1.0851,2.2492,1.3656,393,1023,412
2h,0.65,1.5,0.25,1.0852,2.2486,0.6413,380,991,402
2h,0.5,10.0,0.75,0.2253,2.2392,0.0326,396,1031,415
2h,0.55,1.5,0.25,1.0056,2.2382,1.399,392,1016,410
2h,0.5,1.5,0.25,1.2158,2.2347,1.1442,396,1031,415
2h,0.525,5.0,0.5,0.6555,2.2286,0.8977,393,1023,412
2h,0.45,1.5,0.25,0.9291,2.2254,0.3427,400,1047,427
2h,0.325,1.5,0.25,0.4875,2.2199,0.3454,417,1082,445
2h,0.675,4.0,0.5,0.4977,2.2168,0.3796,377,985,398
2h,0.35,1.5,0.25,0.5175,2.2138,0.1108,413,1076,442
2h,0.6,4.5,0.5,0.6632,2.2129,0.4148,386,1005,407
2h,0.675,3.5,0.5,0.2957,2.2078,0.3821,377,985,398
2h,0.65,5.0,0.5,0.9098,2.2049,0.5491,380,991,402
2h,0.575,4.5,0.5,0.5547,2.2002,0.6393,390,1008,408
2h,0.3,1.5,0.25,0.4206,2.1942,0.2574,421,1089,450
2h,0.525,10.0,0.75,0.1507,2.1935,0.0881,393,1023,412
2h,0.5,4.5,0.5,0.5907,2.1914,0.7284,396,1031,415
2h,0.475,1.5,0.25,1.0257,2.186,0.9332,399,1038,418
2h,0.55,4.5,0.5,0.4817,2.1837,0.9318,392,1016,410
2h,0.55,10.0,0.75,0.304,2.1797,0.1576,392,1016,410
2h,0.475,5.0,0.5,0.4459,2.1683,0.4761,399,1038,418
2h,0.7,4.0,0.5,0.139,2.1676,0.6606,374,974,397
2h,0.7,4.5,0.5,0.3267,2.1614,0.5689,374,974,397
2h,0.375,1.5,0.25,0.6664,2.1567,0.2944,408,1066,440
2h,0.7,5.0,0.5,0.3795,2.1557,0.5961,374,974,397
2h,0.425,1.5,0.25,0.7285,2.1544,0.1533,402,1053,432
2h,0.525,4.5,0.5,0.6315,2.131,0.7242,393,1023,412
2h,0.475,4.5,0.5,0.4234,2.1297,0.5038,399,1038,418
2h,0.65,4.5,0.5,0.7414,2.1017,0.3331,380,991,402
2h,0.625,4.0,0.5,0.9489,2.0938,0.1852,384,997,404
2h,0.6,4.0,0.5,0.6814,2.0762,0.1251,386,1005,407
2h,0.575,4.0,0.5,0.4285,2.0708,0.299,390,1008,408
2h,0.625,3.5,0.5,0.4954,2.0651,0.2151,384,997,404
2h,0.65,3.5,0.5,0.5098,2.0567,0.2861,380,991,402
2h,0.55,4.0,0.5,0.3737,2.0495,0.6707,392,1016,410
2h,0.5,4.0,0.5,0.6789,2.0407,0.6502,396,1031,415
2h,0.525,4.0,0.5,0.6522,2.0346,0.5509,393,1023,412
2h,0.65,4.0,0.5,0.8258,2.0343,0.2848,380,991,402
2h,0.6,3.0,0.5,0.1367,2.0211,0.2787,386,1005,407
2h,0.6,3.5,0.5,0.4198,2.0069,0.0835,386,1005,407
2h,0.475,4.0,0.5,0.4518,1.9803,0.3812,399,1038,418
2h,0.575,3.5,0.5,0.3766,1.9429,0.2108,390,1008,408
2h,0.675,3.0,0.5,0.129,1.9276,0.296,377,985,398
2h,0.575,3.0,0.5,0.1038,1.9239,0.4593,390,1008,408
2h,0.55,3.5,0.5,0.4419,1.9219,0.2742,392,1016,410
2h,0.5,3.5,0.5,0.5579,1.8974,0.2771,396,1031,415
2h,0.525,3.5,0.5,0.5729,1.8756,0.279,393,1023,412
2h,0.475,3.5,0.5,0.3797,1.8602,0.0333,399,1038,418
2h,0.65,3.0,0.5,0.2258,1.7718,0.1347,380,991,402
2h,0.55,3.0,0.5,0.0932,1.748,0.4245,392,1016,410
2h,0.525,3.0,0.5,0.2166,1.7293,0.2405,393,1023,412
2h,0.6,2.5,0.5,0.1301,1.7256,0.2783,386,1005,407
2h,0.5,3.0,0.5,0.4063,1.7058,0.0851,396,1031,415
2h,0.5,2.5,0.5,0.1033,1.6507,0.5644,396,1031,415
2h,0.525,2.5,0.5,0.0834,1.6316,0.4665,393,1023,412
2h,0.65,2.5,0.5,0.2537,1.5431,0.0533,380,991,402
2h,0.5,2.0,0.5,0.0141,1.3957,0.1963,396,1031,415
2h,0.525,2.0,0.5,0.0726,1.3509,0.3229,393,1023,412
30m,0.675,10.0,0.25,0.1407,0.368,0.1689,1903,4669,1924
30m,0.575,10.0,0.25,0.0469,0.3596,0.0157,1933,4747,1955
30m,0.65,10.0,0.25,0.0961,0.3523,0.0692,1913,4684,1931
30m,0.625,10.0,0.25,0.0098,0.3471,0.0625,1923,4701,1936
30m,0.6,10.0,0.25,0.0291,0.3376,0.0655,1928,4723,1947
30m,0.7,10.0,0.25,0.1451,0.3286,0.114,1895,4650,1914
30m,0.55,10.0,0.25,0.0212,0.305,0.01,1942,4761,1964
30m,0.675,7.0,0.25,0.1248,0.2854,0.1718,1903,4669,1924
30m,0.575,7.0,0.25,0.0538,0.2838,0.0949,1933,4747,1955
30m,0.65,7.0,0.25,0.075,0.2731,0.0662,1913,4684,1931
30m,0.625,7.0,0.25,0.0188,0.2611,0.1057,1923,4701,1936
30m,0.7,7.0,0.25,0.0704,0.2572,0.1245,1895,4650,1914
30m,0.6,7.0,0.25,0.0443,0.252,0.1081,1928,4723,1947
30m,0.55,7.0,0.25,0.0266,0.2373,0.0943,1942,4761,1964
30m,0.5,7.0,0.25,0.1267,0.2338,0.0063,1952,4793,1973
